user_input,retrieved_contexts,response,reference,faithfulness,answer_relevancy,context_precision,context_recall
What are the latest performances of V-PCC for Gaussian splatting?,"['Abstract\n\nWe propose to start an amendment to ISO/IEC 23090-5 on V-PCC for gaussian splatting. In the contribution we also discuss all necessary evaluation step for V-PCC for gaussian splatting.\n\nIntroduction\n\nBased on the evidence presented in m73323, m73975, m73976, m73977, m74701 and the discussion during current MPEG meeting we propose to initiate the Amendment 1 to ISO/IEC 23090-5:2025: V-PCC for gaussian splatting. The amendment specifies the coding of still gaussian splat sequences (one frame) and it may specify the coding of motion still gaussian splat sequences (succession of independently coded frames).\n\nWe provide a description of Core Experiments in clause 2. CEs task will be to evaluate existing tools and identify gaps to needed to utilize V-PCC for gaussian splatting. To progress the work in timely fashion, we propose number of AhG PCC zoom-calls. The times and dates of meeting are suggested in clause 3.\n\nCore Experiments\n\nGeneral\n\nAny tools originated from CEs should be backward compatible. Moreover, the group should prioritize 420 video coding.\n\nCE 2.2 on RAW Patch Tool for GS coding\n\nEvaluate the V-PCC RAW toolset proposed in m73975 and its maturity for inclusion to the Amendment. This CE allows minimal changes to the RAW tool (like attribute mapping), but no new V3C units or new coding method or patch types. The proposals should be related to RAW patch, a tool available in V-PCC specification. The goal is not to introduce new tools, but just to adapt existing RAW tool to the GS use case. There could potentially accept modifications that could affect the specification as well (like the attribute mapping) but only accept new proposals when people come with software and specification text changes, ahead of time (e.g., a month before the January meeting).', '| Authors | Alexandre Zaghetto   Danillo Graziosi   Ali Tabatabai |\n| --- | --- |\n| Abstract | This document reports the results of a partial crosscheck of contribution m73977 on the performance of the V-PCC RAW toolset for Gaussian Splatting proposed by Nokia. The crosscheck was conducted in accordance with JEE 6.7 on coordinating the 1F-vid track. The evaluation considered the bartender, cinema, breakfast, and manwithfruit sequences. The crosscheck confirmed the reproducibility and overall consistency of the reported results, with a small discrepancy in the bitstream size of only two Gaussian parameters of a single rate point of bartender. Additionally, a crosscheck for the dataset currently identified as “optional” in the CTC is recommended. |\n| Gitlab | MPEG/Explorations/GSC/contributions#274 |\n| Disposition |  |', 'Comments\n\nFrom auto-generated issue: MPEG/Explorations/GSC/contributions#177\n\n[1] Lu Yu (yulu) - 2025-10-11T10:13:30.835Z\n\nUse the SW provided in this contribution as a RS for V-PCC profiling.\n\n[2] Lu Yu (yulu) - 2025-10-07T16:08:17.833Z\n\nmentioned in issue #277\n\n[3] Lu Yu (yulu) - 2025-10-07T15:26:11.161Z\n\nSummary of the document:\n\nThe contribution shows how one can utilize the V-PCC RAW toolset proposed in m73975 \\[5\\] for 3D Gaussian Splatting encoding and provides software implementation that can generate the V-PCC compliant bitstream.\n\nDiscussions:\n\n* We expect to have a standard solution for GSC which is not rely on SEI message or outside way of the arrangement of attributes. Such a solution is valuable for interoperability.\n* Custom the attributes (indication of which is what) is different from the custom of the arrangements of attributes in one patch.\n* Why use custom? Because the explanation (extraction) of attributes from the patches will cause normative change.\n* What is the difference of performance between the proposed one and the one just used the RAW patch as defined in V-PCC?\n\n[4] marius preda (mariusSoft) - 2025-10-07T15:24:44.033Z\n\nComments:\n- Spherical Harmonics (SH) coefficients, rotation, and scale attributes are not directly defined in V-PCC but can be placed to video frames and compressed as custom attributes with the custom attribute SEI message \n- Q: can be done in standard way and not by using SEI message?\n- Proposal: to define the extension by ourselves and not only let the possibility to be defined by outside organisations\n\n[5] Yiyi Liao (yiyiliao) - 2025-10-06T19:30:22.871Z', '| Authors | Danillo B Graziosi   Alexandre Zaghetto   Ali Tabatabai |\n| --- | --- |\n| Abstract | This document proposes aninvestigate alternative RAW patch packing methods within the V-PCC RAW toolset introduced by contribution m73975 and further developed in m73976 and m73977. The proposed approach aims at improving runtime efficiency by modifying the packing strategy while maintaining similar rate–distortion performance. Experimental results on JEE 6.7 sequences demonstrate that the alternative packing methods may leads to noticeable reductions in encoding time with only minor differences in rate–distortion curves, alongside modest variations in decoding runtimes. These findings indicate the potential of alternative packing strategies to optimize the V-PCC RAW implementation for Gaussian Splatting, and further study within JEE 6.7 is recommended. |\n| Gitlab | MPEG/Explorations/GSC/contributions#278 |\n| Disposition |  |', '| Authors | Alexandre Zaghetto   Danillo Graziosi   Ali Tabatabai |\n| --- | --- |\n| Abstract | This proposal introduces a hierarchical representation, and a hybrid framework for coding of Gaussian splats. By decomposing the Gaussian splat parameters into a layered structure, comprising a Base Point Cloud Layer and a Splatting Layer, with their structure and texture sub-layers, the architecture enables progressive decoding, allowing reconstructions of increasing quality as more parameters are made available. Leveraging existing standards such as G-PCC and V-PCC for the base layer ensures backward compatibility with points clouds technologies, while the use of advanced video codecs for the splatting layer supports the encoding of additional attributes necessary for high-fidelity, view-dependent rendering. This approach provides a conceptual discussion of solutions that enable parameter scalability for Gaussian splat representation, integrating established point cloud coding standards within a hybrid framework. The proposal explores alternative INRIA-based reconstruction methods for Gaussian Splats, enabling enhanced functionalities. The proposed representation and coding pipeline are intended as an illustrative foundation for identifying requirements and stimulating discussion on future directions |\n| Gitlab | MPEG/Explorations/GSC/contributions#165 |\n| Disposition |  |', 'Introduction\n\nThis is a request for amendment 1 of ISO/IEC 23090-5 4th edition.\n\nProject: ISO/IEC 23090-5:2025/Amd.1\n\nTitle: Information technology — Coded representation of immersive media — Part 5: Visual volumetric video-based coding (V3C) and video-based point cloud compression (V-PCC) — Amendment 1: on defining gaussian splats related V3C attribute and reconstruction for gaussian splats\n\nEditors: Lukasz Kondrad\n\nTimeframe: 12 months\n\nTarget dates:\n\nCDAM:\t2026-01-29\n\nDAM:\t2026-04-29\n\nFDAM:\t2026-07-28\n\nAMD:\t2026-10-31\n\nSustainable development goals:\n\nThis project will contribute to the following SDG goals:\n\nGoal 9: Industry, innovation and infrastructure\n\nGoal 11: Sustainable cities and communities\n\nRationale:\n\nV-PCC has number of video attributes defined such as color, opacity, normal. however, new point cloud representation are characterize by more attributes that are not covered in V-PCC.\n\nThis amendment will fix that technical problem by defining the new attributes for spherical harmonics, rotation and scale and their interpretation in V-PCC rendering. The amendment will also define reconstruction identifier dedicated to gaussian splats and reconstruction process to appropriate format.\n\nThis amendment is strictly within the scope of the 23090-5 base standard.', 'Abstract\n\nThe contribution discusses a possible way forward on defining V-PCC profile for GSC. Introduction\n\nV3C profiles follow a structured and flexible definition to allow for clearly identifying two distinct conformance point A and conformance point B. The conformance point A covers the decoded video sub-bitstreams and atlas sub-bitstream. The conformance point B covers the reconstruction process. That means:\n\nA V3C profile decoding capability is defined by a combination of syntax elements ptl_profile_codec_group_idc and ptl_profile_toolset_idc. A V3C profile reconstruction capability is defined by ptl_profile_reconstruction_idc. By having 3 independent components defining, V3C provide allows for number of combinations that can be choose depending of the application purpose. Figure  V3C profile, tier, and level structure\n\nDiscussion\n\nIn m73975 we propose to define a new identifier for ptl_profile_toolset_idc for the 4th edition of ISO/IEC that would constraint the decoding requirement of a V-PCC application to support only RAW patches in V3C atlas component and V3C geometry and attribute video components. In m73976/ m73977 we showed how this toolset together with custom attribute SEI messages can be utilized to encode gaussian splats. However, to ensure to have fully interoperable standardize V-PCC for gaussian splats\n\nV3C attribute video components containing data related gaussian should be defined, and\n\nV-PCC profile addressing gaussian splats a ptl_profile_reconstruction_idc for gaussian splats should be defined. Such ptl_profile_reconstruction_idc would:\n\nindicate that V3C attribute video components containing data related gaussian splats may be present in the bitstream\n\nprovide information on how those V3C attribute video components should be utilize during reconstruction process\n\nProposal\n\nWe propose to adopt m73975 as is and include the proposed ptl_profile_toolset_idc identifier to 4th edition of ISO/IEC 23090-5. We also propose to start amendment to ISO/IEC 23090-5 on defining gaussian splats related V3C attribute and new ptl_profile_reconstruction_idc for gaussian splats reconstruction.', 'Abstract\n\nThe contribution addresses a ballot comment to 4th edition of ISO/IEC 23090-5, and it proposes to define a V-PCC toolset that only supports RAW patches in the V-PCC bitstream.\n\nIntroduction\n\nV-PCC was developed on the premise of projecting points from 3D space to 2D frames and providing associated metadata that supports the 3D points reconstruction. However, V-PCC also includes the concept of RAW patches, which allows packing non-projected information (geometry, attributes) to 2D frames.\n\nAs ballot comment DE-1 states, the scientific community [1] as well as technical contributions to MPEG [2][3][4]][5][6][7] showed that packing non-projected geometry information and associated attributes into 2D video frames can be used to represent and efficiently code emerging 3D formats such as Gaussian Splats.\n\nIn this contribution, we propose a toolset for V-PCC that would only support  raw patches.\n\nV-PCC RAW Toolset\n\nOverview\n\nThe V-PCC RAW toolset would differentiate in the following way compared to already existing V-PCC Basic and V-PCC Extended toolsets.\n\nIt allows for the presence of only RAW patch data unit defined in 8.3/4.7.7 (i.e., no projected patch data unit is supported):\n\nraw patches enable direct storage of the geometry and attributes to video frames without the need of re-projection\n\nIt does not require the presence of occupancy video, i.e. V3C_OVD V3C unit type in the V3C bitstream\n\nIt allows for the presence of packed video extension defined in 8.3.4.9\n\npacked video extension enables to limit the number of video encoders/decoder required to carry the geometry and attribute video components\n\nIt does not impose constraints on the attribute formats, i.e., number of dimensions, partitions, and channels.\n\nToolset Information', ""Comments\n\nFrom auto-generated issue: MPEG/Explorations/GSC/contributions#273\n\n[1] Yiyi Liao (yiyiliao) - 2025-10-10T14:12:48.708Z\n\n### Notes\n\nSummary:\n- Split 3D Gaussians into two subsets based on importance score, and encode each set independently using G-PCC v1's intra mode\n- The split allows the opacity values to be represented with higher precision using fewer bits\n\nDiscussions:\n- Same QP used for the two subsets? Yes\n- May not be suited for the fast-track because of the sequence representation.\n\nJBoG Recommendation:\n- Informative only. Informed.\n\n[2] Yiyi Liao (yiyiliao) - 2025-10-09T17:34:42.527Z\n\nmentioned in issue gsc-ahg-mandates#34\n\n[3] marius preda (mariusSoft) - 2025-10-05T18:09:18.607Z\n\nchanged the description\n\n[4] marius preda (mariusSoft) - 2025-10-04T11:39:51.880Z\n\nchanged the description\n\n<Activity>\n\nm74707 [GSC][JEE 6.7][Report] Crosscheck of contribution m73977 on the Performance of V-PCC RAW toolset for Gaussian Splatting"", '| No. | Title | In Charge | TBP | Available | S/N |\n| --- | --- | --- | --- | --- | --- |\n|  | ISO/IEC 23090-5 - Visual Volumetric Video-based Coding (V3C) and Video-based Point Cloud Compression (V-PCC) |  |  |  |  |\n| 1345 | Text of ISO/IEC FDIS 23090-5 V3C and V-PCC 4th edition | Lukasz Kondrad | N | 2025-10-18 | 25793 |\n| 1348 | DoC for ISO/IEC DIS 23090-5 V3C and V-PCC 4th edition | Lukasz Kondrad | N | 2025-10-18 | 25803 |\n| 1300 | Request for ISO/IEC 23090-5 Amd.1: V-PCC for gaussian splats coding | Marius Preda | N | 2025-10-11 | 25580 |\n| 1302 | Working draft of V-PCC Amd for gaussian splats coding | Lukasz Kondrad | N | 2025-10-18 | 25582 |\n| 1343 | Description of CEs to support gaussian splats coding in V-PCC | Danillo Graziosi | N | 2025-10-18 | 25755 |\n| 1336 | EE2.1 on video supersampling for PCC | Shishir Subramanyam | N | 2025-10-25 | 25692 |\n| 1349 | TuC for V3C and V-PCC | Rajan Joshi | N | 2025-10-25 | 25804 |', 'Abstract\n\nIn this contribution, we proposed to extend G-PCC profile to support Gaussian splats compression.\n\nIntroduction\n\nIn Joint Exploration Experiment 6.6 (JEE6.6), evidence was presented demonstrating that G-PCC (ISO/IEC 23090-9) achieves superior compression performance compared to existing Gaussian Splat (GS) compression tools [1].\n\nIn this document, we propose the addition of a GS profile to the existing list of G-PCC profiles to support Gaussian Splat compression. Based on the findings from the JEE6.6 activities, relevant codec features have been mapped to the GS profile.\n\nRe-evaluation with GS CTC contents\n\nGeometry and attribute coding tools in G-PCC were re-evaluated using the GS CTC contents.\n\nBased on the results reported in documents m73383 [2] and m74379 [3] from JEE6.6, Table 1 has been created to summarize the geometry coding tools.\n\n[Table-1] Evaluation of G-PCC geometry tools using GS contents', 'Introduction\n\nThis is a request for amendment 1 of ISO/IEC 23090-5 4th edition. Project: ISO/IEC 23090-5:2025/Amd.1\n\nTitle: Information technology — Coded representation of immersive media — Part 5: Visual volumetric video-based coding (V3C) and video-based point cloud compression (V-PCC) — Amendment 1: V-PCC for gaussian splatting\n\nEditors: Lukasz Kondrad, Bart Kroon, Danillo Graziosi\n\nTimeframe: 12 months\n\nTarget dates:\n\nCDAM:\t2026-01-29\n\nDAM:\t2026-04-29\n\nFDAM:\t2026-07-28\n\nAMD:\t2026-10-31\n\nSustainable development goals:\n\nThis project will contribute to the following SDG goals:\n\nGoal 9: Industry, innovation and infrastructure\n\nGoal 11: Sustainable cities and communities\n\nRationale:\n\nV-PCC has tools that can be utilized to encode point cloud based gaussian splats, but the specification does not yet contain the definition of gaussian splats related attributes.']","**Overview**: The question asks about the latest performance metrics of V-PCC (Video-based Point Cloud Compression) specifically for Gaussian splatting. The context provides details from various contributions and discussions, including evaluations and core experiments related to V-PCC for Gaussian splatting. Key aspects involve evaluating the V-PCC RAW toolset, comparing performance with existing methods, and proposing amendments to the ISO/IEC 23090-5 standard to better accommodate Gaussian splatting.

**Context Analysis**:

#### Performance Results
- **Crosscheck of Contribution m73977**:
  - **Sequences Evaluated**: bartender, cinema, breakfast, manwithfruit.
  - **Consistency**: Reproducibility and overall consistency confirmed.
  - **Discrepancy**: Small discrepancy noted in bitstream size for two Gaussian parameters of a single rate point in the bartender sequence.

#### Methodology
- **Evaluation Tools**: V-PCC RAW toolset proposed in m73975.
- **Custom Attributes**: Use of custom attribute SEI messages for spherical harmonics, rotation, and scale attributes.
- **Patch Packing Methods**: Alternative RAW patch packing methods evaluated for runtime efficiency.

#### Standardization Context
- **Amendment Proposals**:
  - **Proposed Identifier**: New identifier for V-PCC applications supporting only RAW patches.
  - **Attribute Definition**: Define new attributes for spherical harmonics, rotation, and scale.
  - **Reconstruction Process**: Define reconstruction identifiers and processes for Gaussian splats.

**Detailed Answer**:

The latest performances of V-PCC for Gaussian splatting are detailed in several contributions and evaluations. Specifically, the V-PCC RAW toolset proposed in m73975 has been evaluated for its effectiveness in coding Gaussian splats. The evaluation included sequences such as bartender, cinema, breakfast, and manwithfruit, confirming the reproducibility and overall consistency of the reported results. A small discrepancy was noted in the bitstream size for two Gaussian parameters of a single rate point in the bartender sequence, indicating minor inconsistencies that do not significantly impact overall performance.

Alternative RAW patch packing methods were explored to improve runtime efficiency while maintaining similar rate-distortion performance. These methods demonstrated noticeable reductions in encoding time with only minor differences in rate-distortion curves and modest variations in decoding runtimes. This suggests that alternative packing strategies can optimize the V-PCC RAW implementation for Gaussian Splatting.

To address the technical issues and ensure full interoperability, amendments to ISO/IEC 23090-5 are proposed. These include defining new attributes for spherical harmonics, rotation, and scale, and specifying reconstruction identifiers and processes dedicated to Gaussian splats. The amendments aim to integrate these attributes seamlessly within the V-PCC framework, ensuring backward compatibility and enhancing the standard’s applicability for Gaussian splatting.

**Summary**:

The latest performances of V-PCC for Gaussian splatting show consistent results across multiple sequences, with minor discrepancies noted in specific cases. Alternative packing methods enhance runtime efficiency without significant loss in compression performance. Proposed amendments to the ISO/IEC 23090-5 standard aim to define new attributes and reconstruction processes for Gaussian splats, ensuring full interoperability and standardization.","The latest performances of V-PCC for Gaussian splatting were evaluated using a cross-check conducted by Nokia on sequences including bartender, cinema, breakfast, and manwithfruit. The cross-check confirmed reproducibility and overall consistency of the reported results. A minor discrepancy was noted in the bitstream size of two Gaussian parameters in a single rate point of the bartender sequence. The work focuses on standardizing the V-PCC RAW toolset for Gaussian splatting through Amendment 1 to ISO/IEC 23090-5, defining new V3C attribute video components and reconstruction identifiers for Gaussian splats.",0.9333333333333333,0.9888761393770643,0.49999999995,1.0
Which sequences were used to evaluate V-PCC for Gaussian splatting?,"['| Authors | Alexandre Zaghetto   Danillo Graziosi   Ali Tabatabai |\n| --- | --- |\n| Abstract | This document reports the results of a partial crosscheck of contribution m73977 on the performance of the V-PCC RAW toolset for Gaussian Splatting proposed by Nokia. The crosscheck was conducted in accordance with JEE 6.7 on coordinating the 1F-vid track. The evaluation considered the bartender, cinema, breakfast, and manwithfruit sequences. The crosscheck confirmed the reproducibility and overall consistency of the reported results, with a small discrepancy in the bitstream size of only two Gaussian parameters of a single rate point of bartender. Additionally, a crosscheck for the dataset currently identified as “optional” in the CTC is recommended. |\n| Gitlab | MPEG/Explorations/GSC/contributions#274 |\n| Disposition |  |', 'Abstract\n\nWe propose to start an amendment to ISO/IEC 23090-5 on V-PCC for gaussian splatting. In the contribution we also discuss all necessary evaluation step for V-PCC for gaussian splatting.\n\nIntroduction\n\nBased on the evidence presented in m73323, m73975, m73976, m73977, m74701 and the discussion during current MPEG meeting we propose to initiate the Amendment 1 to ISO/IEC 23090-5:2025: V-PCC for gaussian splatting. The amendment specifies the coding of still gaussian splat sequences (one frame) and it may specify the coding of motion still gaussian splat sequences (succession of independently coded frames).\n\nWe provide a description of Core Experiments in clause 2. CEs task will be to evaluate existing tools and identify gaps to needed to utilize V-PCC for gaussian splatting. To progress the work in timely fashion, we propose number of AhG PCC zoom-calls. The times and dates of meeting are suggested in clause 3.\n\nCore Experiments\n\nGeneral\n\nAny tools originated from CEs should be backward compatible. Moreover, the group should prioritize 420 video coding.\n\nCE 2.2 on RAW Patch Tool for GS coding\n\nEvaluate the V-PCC RAW toolset proposed in m73975 and its maturity for inclusion to the Amendment. This CE allows minimal changes to the RAW tool (like attribute mapping), but no new V3C units or new coding method or patch types. The proposals should be related to RAW patch, a tool available in V-PCC specification. The goal is not to introduce new tools, but just to adapt existing RAW tool to the GS use case. There could potentially accept modifications that could affect the specification as well (like the attribute mapping) but only accept new proposals when people come with software and specification text changes, ahead of time (e.g., a month before the January meeting).', '| Authors | Danillo B Graziosi   Alexandre Zaghetto   Ali Tabatabai |\n| --- | --- |\n| Abstract | This document proposes aninvestigate alternative RAW patch packing methods within the V-PCC RAW toolset introduced by contribution m73975 and further developed in m73976 and m73977. The proposed approach aims at improving runtime efficiency by modifying the packing strategy while maintaining similar rate–distortion performance. Experimental results on JEE 6.7 sequences demonstrate that the alternative packing methods may leads to noticeable reductions in encoding time with only minor differences in rate–distortion curves, alongside modest variations in decoding runtimes. These findings indicate the potential of alternative packing strategies to optimize the V-PCC RAW implementation for Gaussian Splatting, and further study within JEE 6.7 is recommended. |\n| Gitlab | MPEG/Explorations/GSC/contributions#278 |\n| Disposition |  |', 'Comments\n\nFrom auto-generated issue: MPEG/Explorations/GSC/contributions#171\n\n[1] Yiyi Liao (yiyiliao) - 2025-09-26T17:10:44.760Z\n\n## Notes\n\nSummary:\n* `gen-script` package for G-PCC-for-GSC simulations is presented, which automates the sequential execution of pre-processing, encoding, decoding, post-processing, evaluation, results aggregation, and exporting to an XLSM file\n\nDiscussions:\n* The resolution of manwithfruit is different, whereas the script fixed the resolution.\n  * Will be fixed.\n* The frame 81 of manwithfruit should be used.\n* This tool requires PLY with camera information.\n* Resolution of manwithfruit: Use the same resolution as the colmap resolution (i.e., input frames).\n\nRecommendation:\n* Include this tool in the GitLab repo.\n\n[2] Yiyi Liao (yiyiliao) - 2025-09-26T11:22:28.556Z\n\nmentioned in issue gsc-ahg-mandates#34\n\n<Activity>\n\nm73976 [GSC][V3C][V-PCC][JEE6.7] Utilizing V-PCC RAW toolset for Gaussian Splatting', 'Objective evaluation\n\nThe objective evaluation is described in the Common Test Conditions for Gaussian Splat Coding [5]. Encoders and decoders shall report runtime complexity and maximum memory consumption (Max\u202fRSS). Subjective evaluation\n\nThe subjective evaluation is described in the Common Test Conditions for Gaussian Splat Coding [5]. Reporting template\n\nThe Excel reporting template is attached to this document. Code Delivery Rules\n\nAll CE proponents are expected to upload their code to the following CE git repository. https://git.mpeg.expert/MPEG/3dgh/g-pcc/software/ce/mpeg-pcc-tmc13/-/branches\n\nWhen cloning, G-PCC for GSC should be used. git clone https://git.mpeg.expert/MPEG/Explorations/GSC/gsc-software/g-pcc-for-gsc\n\nWhen creating a branch, you should set the specific tag. If the software corresponds to an CE established at the Nth MPEG meeting, the branch name should follow the following template:\n\nmpegN/ce13.XX/mZZZZZ-some- descriptive-name-of-proposal. If the software does not part of the existing CE, meaning it is a new contribution at the N-th MPEG meeting, the branch name should follow the template:\n\nmpegN/mtg/mZZZZZ-some-descriptive-name-of-proposal. You are encouraged to follow the code delivery guidelines provided at the following link. You can find more information. https://git.mpeg.expert/MPEG/3dgh/general/contributions/-/issues/24\n\nTimeline (Tentative)\n\n2025-10-31: anchor result (+3 weeks after WG7 meeting N)\n\n2025-12-22: deliver CE code (-4 weeks before WG7 meeting N+1)\n\n2025-01-12: upload CE reports (-1 weeks before WG7 meeting N+1)\n\n2026-01-19: Start of 153th Online Meeting\n\n[G-PCC] on starting a new G-PCC AMD for establishing the GS profile, ISO/IEC JTC1/SC29 WG4 Doc., m74830, Geneva, October 2025\n\n[G-PCC][GSC][CTC] Sampled viewpoints for Library sequence, ISO/IEC JTC1/SC29 WG4 Doc., m74988, Online, January 2026\n\nDraft CTC for Gaussian Splat Coding, ISO/IEC JTC1/SC29 WG7 Output Doc., N01292, Daejeon, July 2025\n\n[JEE6] GeS-TM as anchor for 3D gaussian coding ISO/IEC JTC1/SC29 WG7 Doc., m69429, Kemer, November 2024\n\nCommon test conditions for Gaussian splat coding, ISO/IEC JTC1/SC29 WG4 Output Doc., N00751, Geneva, October 2025\n\nAnnex:\n\nTable\u202fA.1 shows the links to download the test sequences. Table A.1: links to download Test sequences', '5.2 Selection of test material and rate points\n\nIt is discouraged to select test material for the verification tests that has already been used for the development of the codec. Therefore, recently received test material from Volucap [6][7] and UVG [8][9] is proposed:\n\nVolucap/Nathalie\n\nVolucap/Steamroller\n\nUVG/TBD1\n\nUGV/TBD2\n\nEtc.\n\nEditor: Selection to be discussed by the group. There may also be the option to use a new XD Productions sequence or an existing 8i sequence that has not been used in the CTC\n\nEditor: Should we create a folder under ../MPEG-I/Part-29/VerificationTest/Material and store all used sequences there so as to have them easily available in the configuration of the test ?\n\nIn addition to the actual test material there should also be two or more training sequences so that test subjects understand the purpose of volumetric video content by playing with it.\n\nFive rate points R1 to R5 should be used for each test sequence.\n\nEditor: The group should discuss if fixed bitrate or fixed QPs should be used. The V-PCC verification test used fixed target bitrates of 2500, 5000, 10000, 15000 and 25000 kbps.\n\n6. Generation of bitstreams and video sequences', 'Also the specification misses a profile (toolset and reconstruction identifiers) that would allow to identify the nature of the content and intended reconstruction steps. This amendment will fix that technical problem by defining a new toolset that will contain only tools necessary for the gaussian splats coding. The amendment will also define new attributes for spherical harmonics, rotation and scale and their interpretation in V-PCC reconstruction in an extensible way. The amendment will also define a new reconstruction identifier dedicated to point cloud gaussian splats representation describing the reconstruction process in the appropriate gaussian splat format. The amendment will specify the coding of still gaussian splat (one frame) and it may specify the coding of motion still gaussian splat sequences (succession of independently coded frames). This amendment is strictly within the scope of the 23090-5 base standard.', 'Also the specification misses a profile (toolset and reconstruction identifiers) that would allow to identify the nature of the content and intended reconstruction steps. This amendment will fix that technical problem by defining a new toolset that will contain only tools necessary for the gaussian splats coding. The amendment will also define new attributes for spherical harmonics, rotation and scale and their interpretation in V-PCC reconstruction in an extensible way. The amendment will also define a new reconstruction identifier dedicated to point cloud gaussian splats representation describing the reconstruction process in the appropriate gaussian splat format. The amendment will specify the coding of still gaussian splat (one frame) and it may specify the coding of motion still gaussian splat sequences (succession of independently coded frames). This amendment is strictly within the scope of the 23090-5 base standard.', 'The experimental setup utilizes pre-processing methods from m69429, QP parameter settings from m70260, and G-PCC v1-based software from m70095. An A-3DGS model was trained on Mip-NeRF 360 dataset, compressed using G-PCC, andevaluate rendering qualityPSNR comparisons between original and compressed models demonstrate the effect of G-PCC compression on A-3DGS rendering quality across different rate points. Introduction\n\nIn this contribution, we investigate the applicability of G-PCC to A-3DGS. Following the established experimental framework from previous studies, we utilize pre-processing methods in m69429 [1], QP parameter settings from m70260 [2], and G-PCC v1-based software from m70095 [3]. Using Mip-Splatting model [4] trained on the Mip-NeRF 360 dataset [5], we generate Gaussian splat representations, which are then compressed and reconstructed with G-PCC. The compressed are used to the A-3DGS model to evaluate end-to-end rendering quality. We analyze the resulting bitstream characteristics and evaluate the rendering fidelity by comparing PSNR between images rendered from original and G-PCC compressed models. These experiments provide results showing that G-PCC can be effectively applied to A-3DGS pipelines, offering reference results for ongoing standardization discussions on GSC. Test Conditions', 'P: Proponent – C: Crosschecker\n\nCE 2.5 V-PCC Level Limits for gaussian splat coding\n\nCE should evaluate whether the gaussian splats would impact on level limits.', ""Comments\n\nFrom auto-generated issue: MPEG/Explorations/GSC/contributions#273\n\n[1] Yiyi Liao (yiyiliao) - 2025-10-10T14:12:48.708Z\n\n### Notes\n\nSummary:\n- Split 3D Gaussians into two subsets based on importance score, and encode each set independently using G-PCC v1's intra mode\n- The split allows the opacity values to be represented with higher precision using fewer bits\n\nDiscussions:\n- Same QP used for the two subsets? Yes\n- May not be suited for the fast-track because of the sequence representation.\n\nJBoG Recommendation:\n- Informative only. Informed.\n\n[2] Yiyi Liao (yiyiliao) - 2025-10-09T17:34:42.527Z\n\nmentioned in issue gsc-ahg-mandates#34\n\n[3] marius preda (mariusSoft) - 2025-10-05T18:09:18.607Z\n\nchanged the description\n\n[4] marius preda (mariusSoft) - 2025-10-04T11:39:51.880Z\n\nchanged the description\n\n<Activity>\n\nm74707 [GSC][JEE 6.7][Report] Crosscheck of contribution m73977 on the Performance of V-PCC RAW toolset for Gaussian Splatting"", 'Comments\n\nFrom auto-generated issue: MPEG/Explorations/GSC/contributions#177\n\n[1] Lu Yu (yulu) - 2025-10-11T10:13:30.835Z\n\nUse the SW provided in this contribution as a RS for V-PCC profiling.\n\n[2] Lu Yu (yulu) - 2025-10-07T16:08:17.833Z\n\nmentioned in issue #277\n\n[3] Lu Yu (yulu) - 2025-10-07T15:26:11.161Z\n\nSummary of the document:\n\nThe contribution shows how one can utilize the V-PCC RAW toolset proposed in m73975 \\[5\\] for 3D Gaussian Splatting encoding and provides software implementation that can generate the V-PCC compliant bitstream.\n\nDiscussions:\n\n* We expect to have a standard solution for GSC which is not rely on SEI message or outside way of the arrangement of attributes. Such a solution is valuable for interoperability.\n* Custom the attributes (indication of which is what) is different from the custom of the arrangements of attributes in one patch.\n* Why use custom? Because the explanation (extraction) of attributes from the patches will cause normative change.\n* What is the difference of performance between the proposed one and the one just used the RAW patch as defined in V-PCC?\n\n[4] marius preda (mariusSoft) - 2025-10-07T15:24:44.033Z\n\nComments:\n- Spherical Harmonics (SH) coefficients, rotation, and scale attributes are not directly defined in V-PCC but can be placed to video frames and compressed as custom attributes with the custom attribute SEI message \n- Q: can be done in standard way and not by using SEI message?\n- Proposal: to define the extension by ourselves and not only let the possibility to be defined by outside organisations\n\n[5] Yiyi Liao (yiyiliao) - 2025-10-06T19:30:22.871Z']","**Overview**: The question asks which sequences were used to evaluate V-PCC for Gaussian splatting. The context discusses evaluations and crosschecks of the V-PCC RAW toolset for Gaussian Splatting, mentioning specific sequences used in these evaluations. The relevant information includes details on the sequences used in the crosscheck and the common test conditions for Gaussian splat coding.

**Context Analysis**:
- **Sequences Used**:
  - **Bartender**
  - **Cinema**
  - **Breakfast**
  - **Manwithfruit**

**Detailed Answer**:
The sequences used to evaluate V-PCC for Gaussian splatting include the bartender, cinema, breakfast, and manwithfruit sequences. These sequences were utilized in the crosscheck of contribution m73977 on the performance of the V-PCC RAW toolset for Gaussian Splatting. The crosscheck confirmed the reproducibility and overall consistency of the reported results, with a small discrepancy noted in the bitstream size of only two Gaussian parameters of a single rate point of the bartender sequence.

**Summary**:
The sequences used to evaluate V-PCC for Gaussian splatting are bartender, cinema, breakfast, and manwithfruit. These sequences were part of the crosscheck conducted to verify the performance of the V-PCC RAW toolset for Gaussian Splatting.","The sequences used to evaluate V-PCC for Gaussian splatting are bartender, cinema, breakfast, and manwithfruit.",1.0,0.9999999999991159,0.9999999999,1.0
What does Amendment 1 to ISO/IEC 23090-5 propose for Gaussian splatting?,"['Abstract\n\nWe propose to start an amendment to ISO/IEC 23090-5 on V-PCC for gaussian splatting. In the contribution we also discuss all necessary evaluation step for V-PCC for gaussian splatting.\n\nIntroduction\n\nBased on the evidence presented in m73323, m73975, m73976, m73977, m74701 and the discussion during current MPEG meeting we propose to initiate the Amendment 1 to ISO/IEC 23090-5:2025: V-PCC for gaussian splatting. The amendment specifies the coding of still gaussian splat sequences (one frame) and it may specify the coding of motion still gaussian splat sequences (succession of independently coded frames).\n\nWe provide a description of Core Experiments in clause 2. CEs task will be to evaluate existing tools and identify gaps to needed to utilize V-PCC for gaussian splatting. To progress the work in timely fashion, we propose number of AhG PCC zoom-calls. The times and dates of meeting are suggested in clause 3.\n\nCore Experiments\n\nGeneral\n\nAny tools originated from CEs should be backward compatible. Moreover, the group should prioritize 420 video coding.\n\nCE 2.2 on RAW Patch Tool for GS coding\n\nEvaluate the V-PCC RAW toolset proposed in m73975 and its maturity for inclusion to the Amendment. This CE allows minimal changes to the RAW tool (like attribute mapping), but no new V3C units or new coding method or patch types. The proposals should be related to RAW patch, a tool available in V-PCC specification. The goal is not to introduce new tools, but just to adapt existing RAW tool to the GS use case. There could potentially accept modifications that could affect the specification as well (like the attribute mapping) but only accept new proposals when people come with software and specification text changes, ahead of time (e.g., a month before the January meeting).', 'Introduction\n\nThis is a request for amendment 1 of ISO/IEC 23090-5 4th edition.\n\nProject: ISO/IEC 23090-5:2025/Amd.1\n\nTitle: Information technology — Coded representation of immersive media — Part 5: Visual volumetric video-based coding (V3C) and video-based point cloud compression (V-PCC) — Amendment 1: on defining gaussian splats related V3C attribute and reconstruction for gaussian splats\n\nEditors: Lukasz Kondrad\n\nTimeframe: 12 months\n\nTarget dates:\n\nCDAM:\t2026-01-29\n\nDAM:\t2026-04-29\n\nFDAM:\t2026-07-28\n\nAMD:\t2026-10-31\n\nSustainable development goals:\n\nThis project will contribute to the following SDG goals:\n\nGoal 9: Industry, innovation and infrastructure\n\nGoal 11: Sustainable cities and communities\n\nRationale:\n\nV-PCC has number of video attributes defined such as color, opacity, normal. however, new point cloud representation are characterize by more attributes that are not covered in V-PCC.\n\nThis amendment will fix that technical problem by defining the new attributes for spherical harmonics, rotation and scale and their interpretation in V-PCC rendering. The amendment will also define reconstruction identifier dedicated to gaussian splats and reconstruction process to appropriate format.\n\nThis amendment is strictly within the scope of the 23090-5 base standard.', 'Introduction\n\nThis is a request for amendment 1 of ISO/IEC 23090-5 4th edition. Project: ISO/IEC 23090-5:2025/Amd.1\n\nTitle: Information technology — Coded representation of immersive media — Part 5: Visual volumetric video-based coding (V3C) and video-based point cloud compression (V-PCC) — Amendment 1: V-PCC for gaussian splatting\n\nEditors: Lukasz Kondrad, Bart Kroon, Danillo Graziosi\n\nTimeframe: 12 months\n\nTarget dates:\n\nCDAM:\t2026-01-29\n\nDAM:\t2026-04-29\n\nFDAM:\t2026-07-28\n\nAMD:\t2026-10-31\n\nSustainable development goals:\n\nThis project will contribute to the following SDG goals:\n\nGoal 9: Industry, innovation and infrastructure\n\nGoal 11: Sustainable cities and communities\n\nRationale:\n\nV-PCC has tools that can be utilized to encode point cloud based gaussian splats, but the specification does not yet contain the definition of gaussian splats related attributes.', 'Also the specification misses a profile (toolset and reconstruction identifiers) that would allow to identify the nature of the content and intended reconstruction steps. This amendment will fix that technical problem by defining a new toolset that will contain only tools necessary for the gaussian splats coding. The amendment will also define new attributes for spherical harmonics, rotation and scale and their interpretation in V-PCC reconstruction in an extensible way. The amendment will also define a new reconstruction identifier dedicated to point cloud gaussian splats representation describing the reconstruction process in the appropriate gaussian splat format. The amendment will specify the coding of still gaussian splat (one frame) and it may specify the coding of motion still gaussian splat sequences (succession of independently coded frames). This amendment is strictly within the scope of the 23090-5 base standard.', 'Also the specification misses a profile (toolset and reconstruction identifiers) that would allow to identify the nature of the content and intended reconstruction steps. This amendment will fix that technical problem by defining a new toolset that will contain only tools necessary for the gaussian splats coding. The amendment will also define new attributes for spherical harmonics, rotation and scale and their interpretation in V-PCC reconstruction in an extensible way. The amendment will also define a new reconstruction identifier dedicated to point cloud gaussian splats representation describing the reconstruction process in the appropriate gaussian splat format. The amendment will specify the coding of still gaussian splat (one frame) and it may specify the coding of motion still gaussian splat sequences (succession of independently coded frames). This amendment is strictly within the scope of the 23090-5 base standard.', 'Introduction\n\nThis is a request for amendment 1 of ISO/IEC 23090-5 4th edition. Project: ISO/IEC 23090-5:2025/Amd.1\n\nTitle: Information technology — Coded representation of immersive media — Part 5: Visual volumetric video-based coding (V3C) and video-based point cloud compression (V-PCC) — Amendment 1: V-PCC for gaussian splats\n\nEditors: Lukasz Kondrad, Bart Kroon, Danillo Graziosi\n\nTimeframe: 12 months\n\nTarget dates:\n\nCDAM:\t2026-01-29\n\nDAM:\t2026-04-29\n\nFDAM:\t2026-07-28\n\nAMD:\t2026-10-31\n\nSustainable development goals:\n\nThis project will contribute to the following SDG goals:\n\nGoal 9: Industry, innovation and infrastructure\n\nGoal 11: Sustainable cities and communities\n\nRationale:\n\nV-PCC has tools that can be utilized to encode point cloud based gaussian splats, but the specification does not yet contain the definition of gaussian splats related attributes.', 'Introduction\n\nThis is a request for amendment 1 of ISO/IEC 23090-9.\n\nProject: ISO/IEC 23090-9:2025/Amd.1\n\nTitle: Information technology — Coded representation of immersive media — Part 9 Geometry-based point cloud compression (G-PCC) — Amendment 1: Geometry-based Gaussian Splat Coding\n\nEditors: Hyejung Hur, Ohji Nakagami, Noritaka Iguchi, Kyohei Unno\n\nTimeframe: 12 months\n\nTarget dates:\n\nCDAM: 2026-04-29\n\nDAM: 2026-07-29\n\nFDAM: 2026-10-29\n\nAMD: 2027-01-29\n\nSustainable development goals:\n\nThis project will contribute to the following SDG goals:\n\n-\tGoal 9: Industry, innovation and infrastructure\n\n-\tGoal 11: Sustainable cities and communities\n\nRationale:\n\nG-PCC has tools that can be utilized to encode point cloud based gaussian splats. The specification does not contain definition of the gaussian splats related attributes. Also the specification misses profile (toolset and reconstruction identifiers) that would allow to identify the nature of the content and intended reconstruction steps.\n\nThis amendment will fix that technical problem by defining a new toolset that will contain only tools necessary for the gaussian splats coding. The amendment will also define the new attributes for spherical harmonics, rotation and scale and their interpretation in G-PCC reconstruction. The amendment will also define a new reconstruction identifier dedicated to point cloud gaussian splats representation and it also describes the reconstruction process to appropriate gaussian splat format.\n\nThis amendment is strictly within the scope of the 23090-9 base standard.', 'Abstract\n\nThe contribution discusses a possible way forward on defining V-PCC profile for GSC. Introduction\n\nV3C profiles follow a structured and flexible definition to allow for clearly identifying two distinct conformance point A and conformance point B. The conformance point A covers the decoded video sub-bitstreams and atlas sub-bitstream. The conformance point B covers the reconstruction process. That means:\n\nA V3C profile decoding capability is defined by a combination of syntax elements ptl_profile_codec_group_idc and ptl_profile_toolset_idc. A V3C profile reconstruction capability is defined by ptl_profile_reconstruction_idc. By having 3 independent components defining, V3C provide allows for number of combinations that can be choose depending of the application purpose. Figure  V3C profile, tier, and level structure\n\nDiscussion\n\nIn m73975 we propose to define a new identifier for ptl_profile_toolset_idc for the 4th edition of ISO/IEC that would constraint the decoding requirement of a V-PCC application to support only RAW patches in V3C atlas component and V3C geometry and attribute video components. In m73976/ m73977 we showed how this toolset together with custom attribute SEI messages can be utilized to encode gaussian splats. However, to ensure to have fully interoperable standardize V-PCC for gaussian splats\n\nV3C attribute video components containing data related gaussian should be defined, and\n\nV-PCC profile addressing gaussian splats a ptl_profile_reconstruction_idc for gaussian splats should be defined. Such ptl_profile_reconstruction_idc would:\n\nindicate that V3C attribute video components containing data related gaussian splats may be present in the bitstream\n\nprovide information on how those V3C attribute video components should be utilize during reconstruction process\n\nProposal\n\nWe propose to adopt m73975 as is and include the proposed ptl_profile_toolset_idc identifier to 4th edition of ISO/IEC 23090-5. We also propose to start amendment to ISO/IEC 23090-5 on defining gaussian splats related V3C attribute and new ptl_profile_reconstruction_idc for gaussian splats reconstruction.', 'Abstract\n\nWe have decided to request an amendment to ISO/IEC 23090-9 on G-PCC to support Gaussian Splatting. This document outlines the CEs established based on JEE6.6, which focuses on coordinating the 1F-Geo track, along with related input contributions presented at the MPEG 152 meeting. Introduction\n\nIn contribution m74830 [1], several companies proposed initiating an amendment to ISO/IEC 23090-9 on G-PCC to establish a Gaussian Splats (GS) profile. During the MPEG 152 meeting, WG7 agreed to proceed with a request for this amendment. Based on this decision, Core Experiments (CEs) that have been established based on JEE6.6 on coordinating 1F-geo Track and related input contributions presented at the MPEG 152 meeting. This document provides a description of the Core Experiments (CEs) conducted to support Gaussian Splats (GS) in G-PCC. All participants in these CEs are encouraged to consider the following conditions, which will serve as the basis for decision-making criteria. backward compatibility\n\nThe new syntax should be placed under the extension_flag. The new syntax may utilize reserved_bits. If bitstreams generated by version 1 can still be decoded, backward compatibility is considered to be satisfied. minimal normative changes to support GSC\n\nCE List to support GS in G-PCC\n\nCEs are defined as follows. Performance evaluation of the G-PCC coding tools for GS\n\nCE13.81 on Geometry Coding Evaluation for GS\n\nTo provide toolset for GS geometry, the geometry coding tools (occtree tree based coding and predictive tree based coding) in G-PCC will be evaluated in CE13.81. The mandates:\n\nInvestigate the geometry coding tools in G-PCC for GS and provide evidence to \nchoose the most appropriate tools and settings in GS profile. Investigate performance, complexity, and balanced configuration based on test \ncondition described in Clause 3.', 'Abstract\n\nWe have decided to request an amendment to ISO/IEC 23090-9 on G-PCC to support Gaussian Splatting. This document outlines the CEs established based on JEE6.6, which focuses on coordinating the 1F-Geo track, along with related input contributions presented at the MPEG 152 meeting. Introduction\n\nIn contribution m74830 [1], several companies proposed initiating an amendment to ISO/IEC 23090-9 on G-PCC to establish a Gaussian Splats (GS) profile. During the MPEG 152 meeting, WG7 agreed to proceed with a request for this amendment. Based on this decision, Core Experiments (CEs) that have been established based on JEE6.6 on coordinating 1F-geo Track and related input contributions presented at the MPEG 152 meeting. This document provides a description of the Core Experiments (CEs) conducted to support Gaussian Splats Coding (GSC) in G-PCC. All participants in these CEs are encouraged to consider the following conditions, which will serve as the basis for decision-making criteria. backward compatibility\n\nThe new syntax should be placed under the extension_flag. The new syntax may utilize reserved_bits. If bitstreams generated by version 1 can still be decoded, backward compatibility is considered to be satisfied. minimal normative changes to support GSC\n\nCE List to support GS in G-PCC\n\nCEs are defined as follows. Performance evaluation of the G-PCC coding tools for GS\n\nCE13.81 on Geometry Coding Evaluation for GS\n\nTo provide toolset for GS geometry, the geometry coding tools (occtree tree based coding and predictive tree based coding) in G-PCC will be evaluated in CE13.81. The mandates:\n\nInvestigate the geometry coding tools in G-PCC for GS and provide evidence to choose the most appropriate tools and settings in GS profile. Investigate performance, complexity, and balanced configuration based on test condition described in Clause 3.', 'Abstract\n\nThe contribution addresses a ballot comment to 4th edition of ISO/IEC 23090-5, and it proposes to define a V-PCC toolset that only supports RAW patches in the V-PCC bitstream.\n\nIntroduction\n\nV-PCC was developed on the premise of projecting points from 3D space to 2D frames and providing associated metadata that supports the 3D points reconstruction. However, V-PCC also includes the concept of RAW patches, which allows packing non-projected information (geometry, attributes) to 2D frames.\n\nAs ballot comment DE-1 states, the scientific community [1] as well as technical contributions to MPEG [2][3][4]][5][6][7] showed that packing non-projected geometry information and associated attributes into 2D video frames can be used to represent and efficiently code emerging 3D formats such as Gaussian Splats.\n\nIn this contribution, we propose a toolset for V-PCC that would only support  raw patches.\n\nV-PCC RAW Toolset\n\nOverview\n\nThe V-PCC RAW toolset would differentiate in the following way compared to already existing V-PCC Basic and V-PCC Extended toolsets.\n\nIt allows for the presence of only RAW patch data unit defined in 8.3/4.7.7 (i.e., no projected patch data unit is supported):\n\nraw patches enable direct storage of the geometry and attributes to video frames without the need of re-projection\n\nIt does not require the presence of occupancy video, i.e. V3C_OVD V3C unit type in the V3C bitstream\n\nIt allows for the presence of packed video extension defined in 8.3.4.9\n\npacked video extension enables to limit the number of video encoders/decoder required to carry the geometry and attribute video components\n\nIt does not impose constraints on the attribute formats, i.e., number of dimensions, partitions, and channels.\n\nToolset Information', 'ISO/IEC 23090-5:2025/AMD1\n\nISO/IEC TC JTC 1/SC 29/WG7\n\nSecretariat: JISC\n\nInformation technology — Coded representation of immersive media — Part 5: Visual volumetric video-based coding (V3C) and video-based point cloud compression (V-PCC) — Amendment 1: V-PCC for gaussian splatting\n\nWD stage\n\nWarning for WDs and CDs\n\nThis document is not an ISO International Standard.']","**Overview**: The question asks about the proposed amendments in ISO/IEC 23090-5 for Gaussian splatting. The context details the proposal to initiate Amendment 1 to ISO/IEC 23090-5, focusing on coding for Gaussian splats. It involves evaluating existing tools and identifying gaps to utilize V-PCC for Gaussian splatting, including specifying coding methods for still and motion still Gaussian splat sequences. The context also mentions specific core experiments and timelines for the amendment's progression.

**Context Analysis**:

#### Introduction
- Proposes to initiate Amendment 1 to ISO/IEC 23090-5:2025 for V-PCC for Gaussian splatting.
- Specifies coding of still Gaussian splat sequences (one frame).
- May specify coding of motion still Gaussian splat sequences (succession of independently coded frames).

#### Core Experiments
- CE 2.2 on RAW Patch Tool for GS coding evaluates the V-PCC RAW toolset proposed in m73975.
- Goal is to adapt existing RAW tool to the GS use case with minimal changes.
- Proposals should relate to RAW patch, a tool available in V-PCC specification.
- Backward compatibility is prioritized, and 420 video coding is preferred.

#### Timeframe and Target Dates
- CDAM: 2026-01-29
- DAM: 2026-04-29
- FDAM: 2026-07-28
- AMD: 2026-10-31

#### Rationale
- V-PCC currently lacks definitions for Gaussian splats-related attributes.
- Defines new attributes for spherical harmonics, rotation, and scale.
- Defines new toolset and reconstruction identifiers for Gaussian splats.
- Ensures the amendment is within the scope of the 23090-5 base standard.

**Detailed Answer**:

Amendment 1 to ISO/IEC 23090-5 proposes enhancements to the Visual Volumetric Video-Based Coding (V3C) and Video-Based Point Cloud Compression (V-PCC) standard to support Gaussian splatting. Specifically, it aims to address the coding of Gaussian splat sequences, both still and motion still sequences.

The amendment introduces a new identifier for the fourth edition of ISO/IEC 23090-5, constraining the decoding requirements of a V-PCC application to support only RAW patches in the V3C atlas component and V3C geometry and attribute video components. This identifier ensures that V3C attribute video components containing data related to Gaussian splats can be present in the bitstream and provides instructions on how to utilize these components during the reconstruction process.

Core Experiments (CEs) are established to evaluate existing tools and identify gaps necessary for utilizing V-PCC for Gaussian splatting. One such experiment, CE 2.2, focuses on evaluating the V-PCC RAW toolset proposed in m73975, ensuring backward compatibility and minimal changes to the RAW tool to fit the Gaussian splat use case. The amendment also defines new attributes for spherical harmonics, rotation, and scale, and introduces a new toolset and reconstruction identifiers dedicated to Gaussian splats.

The timeline for the amendment includes critical dates for various stages of the standardization process, with the final approval date set for October 31, 2026. The amendment is strictly within the scope of the 23090-5 base standard, contributing to sustainable development goals related to industry innovation and sustainable cities and communities.

**Summary**:

Amendment 1 to ISO/IEC 23090-5 proposes to enhance the V-PCC standard to support Gaussian splatting by introducing new identifiers, attributes, and toolsets, while maintaining backward compatibility and ensuring the amendment fits within the existing standard's scope.","Amendment 1 to ISO/IEC 23090-5 proposes to define coding for Gaussian splats within the V-PCC framework. It aims to define new V3C attribute video components specifically for Gaussian splats, new attributes and reconstruction identifiers, and guidance on their utilization during the reconstruction process. The goal is to standardize the V-PCC RAW toolset for Gaussian splatting without introducing new coding methods or V3C units.",1.0,0.9829076351344499,0.9821428571288265,1.0
What is the V-PCC RAW toolset used for in the context of Gaussian splatting?,"['Abstract\n\nThe contribution addresses a ballot comment to 4th edition of ISO/IEC 23090-5, and it proposes to define a V-PCC toolset that only supports RAW patches in the V-PCC bitstream.\n\nIntroduction\n\nV-PCC was developed on the premise of projecting points from 3D space to 2D frames and providing associated metadata that supports the 3D points reconstruction. However, V-PCC also includes the concept of RAW patches, which allows packing non-projected information (geometry, attributes) to 2D frames.\n\nAs ballot comment DE-1 states, the scientific community [1] as well as technical contributions to MPEG [2][3][4]][5][6][7] showed that packing non-projected geometry information and associated attributes into 2D video frames can be used to represent and efficiently code emerging 3D formats such as Gaussian Splats.\n\nIn this contribution, we propose a toolset for V-PCC that would only support  raw patches.\n\nV-PCC RAW Toolset\n\nOverview\n\nThe V-PCC RAW toolset would differentiate in the following way compared to already existing V-PCC Basic and V-PCC Extended toolsets.\n\nIt allows for the presence of only RAW patch data unit defined in 8.3/4.7.7 (i.e., no projected patch data unit is supported):\n\nraw patches enable direct storage of the geometry and attributes to video frames without the need of re-projection\n\nIt does not require the presence of occupancy video, i.e. V3C_OVD V3C unit type in the V3C bitstream\n\nIt allows for the presence of packed video extension defined in 8.3.4.9\n\npacked video extension enables to limit the number of video encoders/decoder required to carry the geometry and attribute video components\n\nIt does not impose constraints on the attribute formats, i.e., number of dimensions, partitions, and channels.\n\nToolset Information', 'Comments\n\nFrom auto-generated issue: MPEG/Explorations/GSC/contributions#177\n\n[1] Lu Yu (yulu) - 2025-10-11T10:13:30.835Z\n\nUse the SW provided in this contribution as a RS for V-PCC profiling.\n\n[2] Lu Yu (yulu) - 2025-10-07T16:08:17.833Z\n\nmentioned in issue #277\n\n[3] Lu Yu (yulu) - 2025-10-07T15:26:11.161Z\n\nSummary of the document:\n\nThe contribution shows how one can utilize the V-PCC RAW toolset proposed in m73975 \\[5\\] for 3D Gaussian Splatting encoding and provides software implementation that can generate the V-PCC compliant bitstream.\n\nDiscussions:\n\n* We expect to have a standard solution for GSC which is not rely on SEI message or outside way of the arrangement of attributes. Such a solution is valuable for interoperability.\n* Custom the attributes (indication of which is what) is different from the custom of the arrangements of attributes in one patch.\n* Why use custom? Because the explanation (extraction) of attributes from the patches will cause normative change.\n* What is the difference of performance between the proposed one and the one just used the RAW patch as defined in V-PCC?\n\n[4] marius preda (mariusSoft) - 2025-10-07T15:24:44.033Z\n\nComments:\n- Spherical Harmonics (SH) coefficients, rotation, and scale attributes are not directly defined in V-PCC but can be placed to video frames and compressed as custom attributes with the custom attribute SEI message \n- Q: can be done in standard way and not by using SEI message?\n- Proposal: to define the extension by ourselves and not only let the possibility to be defined by outside organisations\n\n[5] Yiyi Liao (yiyiliao) - 2025-10-06T19:30:22.871Z', '| Authors | Lukasz Kondrad   Patrice Rondao Alface |\n| --- | --- |\n| Abstract | The contribution shows how one can utilize the V-PCC RAW toolset proposed in m73975 for 3D Gaussian Splatting encoding and provides software implementation that can generate the V-PCC compliant bitstream. |\n| Gitlab | MPEG/Explorations/GSC/contributions#177 |\n| Disposition |  |', 'Comments\n\nFrom auto-generated issue: MPEG/Explorations/GSC/contributions#171\n\n[1] Yiyi Liao (yiyiliao) - 2025-09-26T17:10:44.760Z\n\n## Notes\n\nSummary:\n* `gen-script` package for G-PCC-for-GSC simulations is presented, which automates the sequential execution of pre-processing, encoding, decoding, post-processing, evaluation, results aggregation, and exporting to an XLSM file\n\nDiscussions:\n* The resolution of manwithfruit is different, whereas the script fixed the resolution.\n  * Will be fixed.\n* The frame 81 of manwithfruit should be used.\n* This tool requires PLY with camera information.\n* Resolution of manwithfruit: Use the same resolution as the colmap resolution (i.e., input frames).\n\nRecommendation:\n* Include this tool in the GitLab repo.\n\n[2] Yiyi Liao (yiyiliao) - 2025-09-26T11:22:28.556Z\n\nmentioned in issue gsc-ahg-mandates#34\n\n<Activity>\n\nm73976 [GSC][V3C][V-PCC][JEE6.7] Utilizing V-PCC RAW toolset for Gaussian Splatting', ""Comments\n\nFrom auto-generated issue: MPEG/Explorations/GSC/contributions#273\n\n[1] Yiyi Liao (yiyiliao) - 2025-10-10T14:12:48.708Z\n\n### Notes\n\nSummary:\n- Split 3D Gaussians into two subsets based on importance score, and encode each set independently using G-PCC v1's intra mode\n- The split allows the opacity values to be represented with higher precision using fewer bits\n\nDiscussions:\n- Same QP used for the two subsets? Yes\n- May not be suited for the fast-track because of the sequence representation.\n\nJBoG Recommendation:\n- Informative only. Informed.\n\n[2] Yiyi Liao (yiyiliao) - 2025-10-09T17:34:42.527Z\n\nmentioned in issue gsc-ahg-mandates#34\n\n[3] marius preda (mariusSoft) - 2025-10-05T18:09:18.607Z\n\nchanged the description\n\n[4] marius preda (mariusSoft) - 2025-10-04T11:39:51.880Z\n\nchanged the description\n\n<Activity>\n\nm74707 [GSC][JEE 6.7][Report] Crosscheck of contribution m73977 on the Performance of V-PCC RAW toolset for Gaussian Splatting"", ""### Notes\n\nSummary:\n- m73975: `[V3C][V-PCC][Ballot] On defining V-PCC RAW toolset` was first presented\n- Proposed V-PCC's original RAW patch tool set for position and opacity\n- Spherical Harmonics (SH) coefficients, rotation, and scale attributes use SEI message\n\n[6] Yiyi Liao (yiyiliao) - 2025-10-02T06:41:01.085Z\n\nmentioned in issue gsc-ahg-mandates#34\n\n[7] marius preda (mariusSoft) - 2025-09-30T13:22:00.314Z\n\nchanged the description\n\n<Activity>\n\nm73977 [GSC][V3C][V-PCC][JEE6.7] Performance of V-PCC RAW toolset for Gaussian Splatting"", 'Abstract\n\nWe propose to start an amendment to ISO/IEC 23090-5 on V-PCC for gaussian splatting. In the contribution we also discuss all necessary evaluation step for V-PCC for gaussian splatting.\n\nIntroduction\n\nBased on the evidence presented in m73323, m73975, m73976, m73977, m74701 and the discussion during current MPEG meeting we propose to initiate the Amendment 1 to ISO/IEC 23090-5:2025: V-PCC for gaussian splatting. The amendment specifies the coding of still gaussian splat sequences (one frame) and it may specify the coding of motion still gaussian splat sequences (succession of independently coded frames).\n\nWe provide a description of Core Experiments in clause 2. CEs task will be to evaluate existing tools and identify gaps to needed to utilize V-PCC for gaussian splatting. To progress the work in timely fashion, we propose number of AhG PCC zoom-calls. The times and dates of meeting are suggested in clause 3.\n\nCore Experiments\n\nGeneral\n\nAny tools originated from CEs should be backward compatible. Moreover, the group should prioritize 420 video coding.\n\nCE 2.2 on RAW Patch Tool for GS coding\n\nEvaluate the V-PCC RAW toolset proposed in m73975 and its maturity for inclusion to the Amendment. This CE allows minimal changes to the RAW tool (like attribute mapping), but no new V3C units or new coding method or patch types. The proposals should be related to RAW patch, a tool available in V-PCC specification. The goal is not to introduce new tools, but just to adapt existing RAW tool to the GS use case. There could potentially accept modifications that could affect the specification as well (like the attribute mapping) but only accept new proposals when people come with software and specification text changes, ahead of time (e.g., a month before the January meeting).', '| Authors | Alexandre Zaghetto   Danillo Graziosi   Ali Tabatabai |\n| --- | --- |\n| Abstract | This document reports the results of a partial crosscheck of contribution m73977 on the performance of the V-PCC RAW toolset for Gaussian Splatting proposed by Nokia. The crosscheck was conducted in accordance with JEE 6.7 on coordinating the 1F-vid track. The evaluation considered the bartender, cinema, breakfast, and manwithfruit sequences. The crosscheck confirmed the reproducibility and overall consistency of the reported results, with a small discrepancy in the bitstream size of only two Gaussian parameters of a single rate point of bartender. Additionally, a crosscheck for the dataset currently identified as “optional” in the CTC is recommended. |\n| Gitlab | MPEG/Explorations/GSC/contributions#274 |\n| Disposition |  |', '| Authors | Danillo B Graziosi   Alexandre Zaghetto   Ali Tabatabai |\n| --- | --- |\n| Abstract | This document proposes aninvestigate alternative RAW patch packing methods within the V-PCC RAW toolset introduced by contribution m73975 and further developed in m73976 and m73977. The proposed approach aims at improving runtime efficiency by modifying the packing strategy while maintaining similar rate–distortion performance. Experimental results on JEE 6.7 sequences demonstrate that the alternative packing methods may leads to noticeable reductions in encoding time with only minor differences in rate–distortion curves, alongside modest variations in decoding runtimes. These findings indicate the potential of alternative packing strategies to optimize the V-PCC RAW implementation for Gaussian Splatting, and further study within JEE 6.7 is recommended. |\n| Gitlab | MPEG/Explorations/GSC/contributions#278 |\n| Disposition |  |', 'Abstract\n\nThe contribution discusses a possible way forward on defining V-PCC profile for GSC. Introduction\n\nV3C profiles follow a structured and flexible definition to allow for clearly identifying two distinct conformance point A and conformance point B. The conformance point A covers the decoded video sub-bitstreams and atlas sub-bitstream. The conformance point B covers the reconstruction process. That means:\n\nA V3C profile decoding capability is defined by a combination of syntax elements ptl_profile_codec_group_idc and ptl_profile_toolset_idc. A V3C profile reconstruction capability is defined by ptl_profile_reconstruction_idc. By having 3 independent components defining, V3C provide allows for number of combinations that can be choose depending of the application purpose. Figure  V3C profile, tier, and level structure\n\nDiscussion\n\nIn m73975 we propose to define a new identifier for ptl_profile_toolset_idc for the 4th edition of ISO/IEC that would constraint the decoding requirement of a V-PCC application to support only RAW patches in V3C atlas component and V3C geometry and attribute video components. In m73976/ m73977 we showed how this toolset together with custom attribute SEI messages can be utilized to encode gaussian splats. However, to ensure to have fully interoperable standardize V-PCC for gaussian splats\n\nV3C attribute video components containing data related gaussian should be defined, and\n\nV-PCC profile addressing gaussian splats a ptl_profile_reconstruction_idc for gaussian splats should be defined. Such ptl_profile_reconstruction_idc would:\n\nindicate that V3C attribute video components containing data related gaussian splats may be present in the bitstream\n\nprovide information on how those V3C attribute video components should be utilize during reconstruction process\n\nProposal\n\nWe propose to adopt m73975 as is and include the proposed ptl_profile_toolset_idc identifier to 4th edition of ISO/IEC 23090-5. We also propose to start amendment to ISO/IEC 23090-5 on defining gaussian splats related V3C attribute and new ptl_profile_reconstruction_idc for gaussian splats reconstruction.', 'Introduction\n\nThe calls related to CEs will be organized on Tuesday on AHG, the calls and zoom link will be on the MDMS calendar.\n\n21.10.2025 3 pm CET\n\n04.11.2025 11 pm CET\n\n18.11.2025 7 am CET\n\n02.12.2025 3 pm CET\n\n16.12.2025 11 pm CET\n\nWe encourage to submit the contribution prior to the calls on Friday before at 3 pm CET.\n\nWe encourage experts to be as much active as possible during the AhG period.\n\nCore Experiments\n\nGeneral\n\nAny tools originated from CEs should be backward compatible. Moreover, usage of 420 video coding should be preferred.\n\nCE 2.2 on RAW Patch Tool for GS coding\n\nThe CE will evaluate the V-PCC RAW toolset proposed in m73975 and its maturity for inclusion to the Amendment. This CE allows minimal changes to the RAW tool (e.g. attribute mapping), but no new V3C units or new coding method. The proposals should be related to RAW patch, a tool available in V-PCC specification. The goal is not to introduce new tools, but to adapt existing RAW tool to the GS use case. While the CE is primarily intended to validate the existing RAW framework, minor specification-level changes may be accepted when they demonstrably improve compatibility or compression efficiency for Gaussian Splats, provided they remain backward compatible and are supported by both software and proposed text updates. Proposals should be submitted sufficiently in advance—preferably at least one month before the January meeting—to allow verification and cross-checking within one MPEG meeting cycle.\n\nThe CE will at least evaluate\n\nmethods for attribute mapping, e.g., m73976, m74504.\n\nGS packing, which uses 444 packing for geometry, e.g., m74012\n\nthe reduction of SH AC coefficients using principal component analysis, e.g., m74049', 'Introduction\n\nThis is a request for amendment 1 of ISO/IEC 23090-5 4th edition. Project: ISO/IEC 23090-5:2025/Amd.1\n\nTitle: Information technology — Coded representation of immersive media — Part 5: Visual volumetric video-based coding (V3C) and video-based point cloud compression (V-PCC) — Amendment 1: V-PCC for gaussian splatting\n\nEditors: Lukasz Kondrad, Bart Kroon, Danillo Graziosi\n\nTimeframe: 12 months\n\nTarget dates:\n\nCDAM:\t2026-01-29\n\nDAM:\t2026-04-29\n\nFDAM:\t2026-07-28\n\nAMD:\t2026-10-31\n\nSustainable development goals:\n\nThis project will contribute to the following SDG goals:\n\nGoal 9: Industry, innovation and infrastructure\n\nGoal 11: Sustainable cities and communities\n\nRationale:\n\nV-PCC has tools that can be utilized to encode point cloud based gaussian splats, but the specification does not yet contain the definition of gaussian splats related attributes.']","**Overview**: The question asks about the role of the V-PCC RAW toolset in the context of Gaussian splatting. The context explains that the V-PCC RAW toolset is designed to support the direct storage of geometry and attributes in video frames without the need for re-projection, which is particularly useful for representing and coding Gaussian splats. It involves evaluating the toolset's performance and proposing amendments to the ISO/IEC 23090-5 standard to better accommodate Gaussian splatting.

**Context Analysis**:

#### V-PCC RAW Toolset Overview
1. Allows for the presence of only RAW patch data units.
2. Does not require the presence of occupancy video.
3. Allows for the presence of packed video extension.
4. Does not impose constraints on attribute formats.

#### Gaussian Splatting Context
1. Spherical Harmonics (SH) coefficients, rotation, and scale attributes can be placed in video frames and compressed as custom attributes.
2. The proposal suggests defining extensions within the standard rather than relying on SEI messages.

#### Evaluation and Recommendations
1. Contribution m73975 proposes a V-PCC RAW toolset that supports Gaussian splatting.
2. Contributions m73976 and m73977 evaluate the V-PCC RAW toolset for Gaussian splatting, focusing on attribute mapping and packing methods.
3. Discussions highlight the need for standard solutions for Gaussian splatting that avoid reliance on SEI messages for attribute arrangement.

**Detailed Answer**:

The V-PCC RAW toolset is specifically designed to facilitate the efficient coding of Gaussian splat sequences by enabling the direct storage of geometry and attributes in video frames. This toolset supports the following functionalities:

1. **RAW Patch Data Units**: The toolset allows for the presence of only RAW patch data units, which means it supports the direct storage of non-projected geometry and attributes in video frames. This eliminates the need for re-projection, making it suitable for Gaussian splatting where geometry and attributes are packed into video frames.

2. **Occupancy Video Exclusion**: Unlike traditional V-PCC toolsets, the RAW toolset does not require the presence of occupancy video (V3C_OVD V3C unit type). This simplifies the bitstream structure and reduces overhead, enhancing efficiency for Gaussian splatting.

3. **Packed Video Extension**: The toolset allows for the presence of packed video extension, which helps in limiting the number of video encoders/decoders required for carrying geometry and attribute video components. This feature is crucial for Gaussian splatting, where multiple video streams might be needed to convey different attributes.

4. **Attribute Flexibility**: The RAW toolset does not impose constraints on attribute formats, allowing for flexibility in the number of dimensions, partitions, and channels. This flexibility is essential for Gaussian splatting, where various attributes like spherical harmonics coefficients, rotation, and scale need to be encoded efficiently.

5. **Custom Attributes**: The toolset supports custom attributes, which can be placed in video frames and compressed as custom attributes with the custom attribute SEI message. This ensures that Gaussian splatting-specific attributes can be handled effectively within the V-PCC framework.

6. **Standardization**: The proposal suggests defining extensions within the standard to handle Gaussian splatting-related attributes, ensuring that these attributes are standardized and can be processed consistently across different implementations.

These features collectively make the V-PCC RAW toolset highly suitable for Gaussian splatting, enabling efficient and standardized representation and coding of Gaussian splat sequences.

**Summary**: The V-PCC RAW toolset supports Gaussian splatting by enabling direct storage of geometry and attributes in video frames, eliminating the need for re-projection, and offering flexibility in handling various attributes. It enhances efficiency and standardization for Gaussian splatting through packed video extensions and custom attribute handling.","The V-PCC RAW toolset is used to encode Gaussian splat sequences by placing spherical harmonics (SH) coefficients, rotation, and scale attributes into video frames. These are compressed using custom attribute SEI messages. The toolset adapts existing V-PCC RAW tools to the Gaussian splatting use case without introducing new coding methods or V3C units.",0.9411764705882353,0.9834260646000487,0.8093614718513549,1.0
